,PRODUCT_NAME,sentiment_positive_num,sentiment_neutral_num,sentiment_negative_num,sentiment_positive_percent,sentiment_neutral_percent,sentiment_negative_percent
0,Vitamin C Daily Glow Face Cream - 80 g - Pack of 2,1,1,0,50,50,0
1,Ubtan Facial Kit with Turmeric & Saffron for Glowing Skin - 60 g,6,1,0,85.71428571,14.28571429,0
2,Vitamin C Facial Kit with Vitamin C & Turmeric for Skin Illumination - 60 g,3,0,0,100,0,0
3,Vitamin C Daily Glow Face Cream With Vitamin C & Turmeric for Skin Illumination - 80 g,7,1,0,87.5,12.5,0
4,Green Tea Face Wash With Green Tea & Collagen For Open Pores - 100 ml,49,1,0,98,2,0
5,Onion Shampoo with Onion and Plant Keratin for Hair Fall Control - 200ml,16,0,1,94.11764706,0,5.882352941
6,Green Tea Face Serum With Green Tea & Collagen For Open Pores - 30 ml,62,1,0,98.41269841,1.587301587,0
7,Green Tea Night Cream With Green Tea & Collagen For Open Pores - 50 g,47,3,0,94,6,0
8,Green Tea Serum Gel with Green Tea & Collagen for Open Pores - 50 ml,59,0,0,100,0,0
9,Green Tea Day Cream With Green Tea & Collagen For Open Pores - 50 g,53,1,0,98.14814815,1.851851852,0
10,Natural Henna Combo ,15,2,0,88.23529412,11.76470588,0
11,Henna Paste 200 g (Pack of 2),36,1,0,97.2972973,2.702702703,0
12,Ubtan Face Wash 150 ml (Pack of 2),30,2,0,93.75,6.25,0
13,Charcoal Black Long Stay Kajal 0.35 g - Pack of 2,21,2,0,91.30434783,8.695652174,0
14,Coco Soft Body Wash For Babies With Coconut Milk & Turmeric - 400 ml,8,0,0,100,0,0
15,Coco Soft Body Lotion with Coconut Milk & Turmeric for 24-Hour Moisturization - 400 ml,4,0,0,100,0,0
16,Coco Soft Face Cream With Coconut Milk & Turmeric For Babies - 60 g,3,0,0,100,0,0
17,Vitamin C Face Wash with Vitamin C and Turmeric for Skin Illumination - 80ml,31,6,0,83.78378378,16.21621622,0
18,Coco Soft Bathing Bar for Babies with Coconut Oil & Turmeric for Babies - Pack of 2*75g,11,3,0,78.57142857,21.42857143,0
19,Coco Soft Massage Oil with Coconut & Turmeric Oil for Babies - 200 ml,19,1,1,90.47619048,4.761904762,4.761904762
20,Eggplex Conditioner with Egg Protein & Collagen for Strength & Shine - 250 ml,57,1,0,98.27586207,1.724137931,0
21,Eggplex Shampoo with Egg Protein & Collagen for Strength and Shine - 250 ml,116,7,0,94.30894309,5.691056911,0
22,Ubtan Face Wash with Turmeric & Saffron for Tan Removal – 150 ml,196,17,1,91.58878505,7.943925234,0.46728972
23,Skin Illuminate Sunscreen Gel SPF 50 with Vitamin C & Turmeric for UVA & B Protection - 50 g,58,1,0,98.30508475,1.694915254,0
24,Vitamin C Foaming Face Wash Combo Pack with Refill - 150ml + 150ml,82,4,0,95.34883721,4.651162791,0
25,Sunscreen Body Lotion with SPF 30 - 300 ml | Vitamin C,21,2,1,87.5,8.333333333,4.166666667
26,Sunscreen Body Lotion SPF 30 - 300 ml | Ubtan,15,0,1,93.75,0,6.25
27,Sunscreen Body Lotion SPF 30 - 300 ml | Aloe Vera,55,3,0,94.82758621,5.172413793,0
28,Mamaearth ME Deo for a Scent That’s Unique to You  - 120 ml,87,5,0,94.56521739,5.434782609,0
29,Rice Face Serum With Rice Water & Niacinamide for Glass Skin - 30 ml,79,2,0,97.5308642,2.469135802,0
30,Rice Oil-Free Face Moisturizer With Rice Water & Niacinamide for Glass Skin - 80 g,45,1,0,97.82608696,2.173913043,0
31,Rice Face Scrub With Rice Water & Niacinamide for Glass Skin - 100 g,18,2,0,90,10,0
32,Rice Face Wash With Rice Water & Niacinamide for Glass Skin - 100 ml,68,3,1,94.44444444,4.166666667,1.388888889
33,Rice Gel Face Moisturizer With Rice Water & Niacinamide for Glass Skin - 100 ml,8,3,0,72.72727273,27.27272727,0
34,Rice Night Cream With Rice Water & Niacinamide for Glass Skin - 50 g,14,0,0,100,0,0
35,Rice Day Cream With Rice Water & Niacinamide for Glass Skin - 50 g,64,0,1,98.46153846,0,1.538461538
36,Rice Sleeping Face Mask With Rice Water & Niacinamide for Glass Skin - 100 ml,9,1,0,90,10,0
37,Hair Oil Booster - 30 ml | Almond,54,0,2,96.42857143,0,3.571428571
38,Hair Oil Booster - 30 ml | Rice,51,1,5,89.47368421,1.754385965,8.771929825
39,Hair Oil Booster - 30 ml | Tea Tree,49,1,5,89.09090909,1.818181818,9.090909091
40,Hair Oil Booster - 30 ml | Onion,48,0,0,100,0,0
41,Aloe Vera Gel Moisturizer with Aloe Vera & Ashwagandha for a Youthful Glow - 100 g,56,2,0,96.55172414,3.448275862,0
42,Aloe Vera Sunscreen Face Serum with Aloe Vera & Ashwagandha for UVA & B Protection - 30 ml,18,0,0,100,0,0
43,Aloe Vera Oil-Free Face Moisturizer with Aloe Vera & Ashwagandha for a Youthful Glow - 80 g,24,2,0,92.30769231,7.692307692,0
44,Onion Hair Styling Cream for Men with Onion & Redensyl for Nourishment & Styling- 100 g,73,0,1,98.64864865,0,1.351351351
45,Natural Henna Paste with Henna & Dark Roasted Coffee for Rich Naturally Colored Hair - 200 g,122,5,0,96.06299213,3.937007874,0
46,Foaming Face Wash For Kids With Aloe Vera & Coconut For Gentle Cleansing- 150 ml ,64,2,0,96.96969697,3.03030303,0
47,Henna Shampoo with Henna and Deep Roast Coffee for Premature Greying - 250 ml,29,2,1,90.625,6.25,3.125
48,Henna Conditioner with Henna and Deep Roast Coffee for Premature Greying - 250 ml,5,1,0,83.33333333,16.66666667,0
49,Henna Hair Oil with Henna & Coffee Oil for Premature Graying - 150 ml,15,0,0,100,0,0
50,Aloe Vera Sleeping Mask with Aloe Vera & Ashwagandha for a Youthful Glow - 100 g,56,1,0,98.24561404,1.754385965,0
51,Aloe Vera Face Serum with Aloe Vera & Ashwagandha for a Youthful Glow– 30 ml,9,0,0,100,0,0
52,Aloe Ashwagandha Gel with Aloe Vera & Ashwagandha for a Youthful Glow - 300 ml,31,5,0,86.11111111,13.88888889,0
53, Aloe Vera Face Wash with Aloe Vera & Ashwagandha for a Youthful Glow - 100 ml,30,1,0,96.77419355,3.225806452,0
54,Aloe Vera Night Cream with Aloe Vera and Ashwagandha for a Youthful Glow – 50 g,7,1,0,87.5,12.5,0
55,Aloe Vera Day Cream with Aloe Vera & Ashwagandha for a Youthful Glow - 50 g,9,1,0,90,10,0
56,Vitamin C Underarm Scrub with Vitamin C and Turmeric for Brighter Underarms – 50 g,52,2,0,96.2962963,3.703703704,0
57,Vitamin C Underarm Mask with Vitamin C & Turmeric for Brighter Underarms - 50 g,11,0,0,100,0,0
58,Vitamin C Underarm Cream with Vitamin C & Turmeric for Brighter Underarms  – 50 g,62,2,0,96.875,3.125,0
59,Agent Apple Body Wash for Kids with Apple & Oat Protein – 300 ml (Pack of 2),10,0,0,100,0,0
60,Major Mango Body Wash For Kids with Mango & Oat Protein - 300 ml (Pack of 2),5,0,0,100,0,0
61,Super Strawberry Body Lotion for Kids With Strawberry & Shea Butter - 400 ml (Pack of 2),8,0,0,100,0,0
62,Original Orange Body Lotion For Kids With Orange & Shea Butter - 400 ml (Pack of 2),3,0,0,100,0,0
63,Major Mango Body Lotion For Kids with Mango Butter & Milk Protein - 400 ml (Pack of 2),4,0,0,100,0,0
64,Agent Apple Body Lotion for Kids with Apple & Oat Milk– 400 ml (Pack of 2),1,0,0,100,0,0
65,Moisture Matte Long Stay Lipstick - 2g | Espresso Brown,75,2,0,97.4025974,2.597402597,0
66,Moisture Matte Long Stay Lipstick - 2g | Pink Tulip,43,3,0,93.47826087,6.52173913,0
67,Moisture Matte Long Stay Lipstick - 2g | Raspberry Scarlet,40,3,0,93.02325581,6.976744186,0
68,Moisture Matte Long Stay Lipstick - 2g | Melon Red,37,4,0,90.24390244,9.756097561,0
69,Moisture Matte Long Stay Lipstick - 2g | Bubblegum Nude,33,2,0,94.28571429,5.714285714,0
70,Moisture Matte Long Stay Lipstick - 2g | Cinnamon Nude,36,4,0,90,10,0
71,Moisture Matte Long Stay Lipstick - 2g | Candyfloss Pink,49,1,0,98,2,0
72,Moisture Matte Long Stay Lipstick - 2g | Plum Punch,15,0,0,100,0,0
73,Moisture Matte Long Stay Lipstick - 2g | Carnation Nude,41,2,0,95.34883721,4.651162791,0
74,Roots of Radiance Essence Serum with Ashwagandha & Turmeric for Radiant Skin – 30 ml,62,1,1,96.875,1.5625,1.5625
75,Leaves of Clarity Essence Serum with Neem & Salicylic Acid for Clear Skin– 30 ml,49,1,0,98,2,0
76,Garden of Glow Essence Serum with Vitamin C & Passion Fruit for Skin Illumination – 30 ml,66,4,2,91.66666667,5.555555556,2.777777778
77,Flowers of Youth Essence Serum with Hyaluronic Acid & Hibiscus for Youthful Skin – 30 ml ,59,2,1,95.16129032,3.225806452,1.612903226
78,Naturally Matte Liquid Lipstick - 3 ml | Chocolate Truffle,63,0,1,98.4375,0,1.5625
79,Naturally Matte Liquid Lipstick - 3 ml | Chirpy Cherry,72,1,0,98.63013699,1.369863014,0
80,Naturally Matte Liquid Lipstick - 3 ml | Berryddict Magenta,68,0,0,100,0,0
81,Naturally Matte Liquid Lipstick - 3 ml | Rosy Nude,60,1,2,95.23809524,1.587301587,3.174603175
82,Naturally Matte Liquid Lipstick - 3 ml | Caramel Nude ,79,5,0,94.04761905,5.952380952,0
83,Bye Bye Wrinkles Face Cream with Green Tea & Collagen for Wrinkles & Fine Lines – 30 g,30,4,0,88.23529412,11.76470588,0
84,Bye Bye Open Pores Face Cream with Rosehip & Niacinamide For Pore Tightening – 30 g,81,5,3,91.01123596,5.617977528,3.370786517
85,Bye Bye Acne Face Cream with Willow Bark Extract & Salicylic Acid For Clear Skin – 30 g,82,3,4,92.13483146,3.370786517,4.494382022
86,Mamaearth Almond Hair Mask with Cold Pressed Almond Oil & Vitamin E for Healthy Hair Growth- 200 g,70,0,0,100,0,0
87,Oil-Free Face Wash with Apple Cider Vinegar & Salicylic Acid for Acne-Prone Skin– 100 ml,54,5,0,91.52542373,8.474576271,0
88,Skin Radiance Body Care Kit - Ubtan Body Lotion & Vitamin C Body Lotion - (400 ml each),31,2,0,93.93939394,6.060606061,0
89,Skin Refreshing & Soothing Body Care Kit - Rose Body Lotion + Vitamin C Body Lotion - (400 ml),31,2,0,93.93939394,6.060606061,0
90,Skin Nourishing Body Care Combo - Ubtan Body Lotion + Rose Body Lotion  - (400 ml),9,1,0,90,10,0
91,Vitamin C Body Lotion with Vitamin C & Honey for Radiant Skin - 400 ml   (Pack of 2),22,0,0,100,0,0
92,Ubtan Body Lotion with Turmeric & Kokum Butter for Glowing Skin - 400 ml  (Pack of 2),8,0,0,100,0,0
93,Rose Body Lotion with Rose Water & Milk for Deep Hydration (400 ml) - Pack of 2,7,0,0,100,0,0
94,Mamaearth ME Eau De Parfum For a Fragrance As Unique As You - 50 ml,193,14,1,92.78846154,6.730769231,0.480769231
95,Vitamin C 100% Natural Lip Care Kit With Lip Scrub & Lip Mask For Pink and Plump Lips - 90 g,59,2,1,95.16129032,3.225806452,1.612903226
96,Almond Conditioner with Almond Oil & Vitamin E for Healthy Hair Growth - 250 ml,21,2,0,91.30434783,8.695652174,0
97,Almond Shampoo with Cold Pressed Almond Oil and Vitamin E for Healthy Hair Growth - 250 ml,29,2,0,93.5483871,6.451612903,0
98,"Almond Hair Oil with Cold Pressed Almond Oil & Vitamin E for Healthy Hair Growth - 150 ml	",49,2,0,96.07843137,3.921568627,0
99,Ubtan Nourishing Cold Cream with Turmeric & Saffron for Glowing Moisturization – 200 g,80,4,0,95.23809524,4.761904762,0
100,CoCo Nourishing Cold Cream With Coffee and Vitamin E For Rich Moisturization - 200 g,46,1,1,95.83333333,2.083333333,2.083333333
101,Vitamin C Nourishing Cold Cream with Vitamin C & Honey for Illuminating Moisturization - 200 g,52,4,0,92.85714286,7.142857143,0
102,Ubtan Oil-Free Face Moisturizer for Skin Brightening - 80 ml,66,2,1,95.65217391,2.898550725,1.449275362
103,Ubtan Body Care Combo,9,0,0,100,0,0
104,Aqua Glow Skin Refreshing Kit for Hydrated & Fresh Skin,21,2,0,91.30434783,8.695652174,0
105,Aqua Glow Skin Refreshing Combo for Hydrated & Fresh Skin,13,0,0,100,0,0
106,Mamaearth Vitamin C Tinted 100% Natural Lip Balm with Vitamin C & Honey - 2 g,77,2,0,97.46835443,2.53164557,0
107,Ubtan Tinted 100% Natural Lip Balm with Turmeric & Saffron - 2 g,35,2,0,94.59459459,5.405405405,0
108,Mamaearth Rose Tinted 100% Natural Lip Balm With Rose Oil and Castor Oil - 2 g,153,5,1,96.22641509,3.144654088,0.628930818
109,CoCo Tinted 100% Natural Lip Balm with CoCo and Vitamin E - 2g,54,1,0,98.18181818,1.818181818,0
110,Mamaearth Cherry Tinted 100% Natural Lip Balm with Cherry and Coconut Oil - 2 g,111,9,1,91.73553719,7.438016529,0.826446281
111,Super Strawberry Body Lotion for Kids With Strawberry & Shea Butter - 400 ml,23,1,1,92,4,4
112,Original Orange Body Lotion For Kids With Orange & Shea Butter - 400 ml,13,0,0,100,0,0
113,Major Mango Body Lotion For Kids with Mango Butter & Milk Protein - 400 ml,14,0,0,100,0,0
114,Brave Blueberry Body Lotion For Kids with Blueberry and Kokum Butter– 400 ml,18,1,0,94.73684211,5.263157895,0
115,Agent Apple Body Lotion for Kids with Apple & Oat Milk– 400 ml,9,0,0,100,0,0
116,Charcoal Black Long Stay Kajal with Vitamin C & Chamomile for 11-Hour Smudge-free Stay,144,10,1,92.90322581,6.451612903,0.64516129
117,Charcoal Black Long Stay Kajal Kohl Pencil With Castor Oil and Chamomile For 11-Hour Smudge-free Stay with Free Sharpener,103,5,1,94.49541284,4.587155963,0.917431193
118,Ubtan Night Cream with Turmeric & Saffron for Skin Brightening – 50 g,55,2,0,96.49122807,3.50877193,0
119,Ubtan Nourishing Hair Removal Kit With Turmeric & Saffron for Hair Removal & Growth Reduction - 100+50 g,197,10,0,95.16908213,4.830917874,0
120,Vitamin C Under Eye Cream with Gotu Kola & Niacinamide for Brightening Under Eyes - 20 ml,85,6,1,92.39130435,6.52173913,1.086956522
121,Ubtan Face Serum with Turmeric & Saffron for Skin Brightening – 30 ml,81,5,0,94.18604651,5.813953488,0
122,Ubtan Day Cream with Turmeric & Saffron for Skin Brightening – 50 g,64,2,1,95.52238806,2.985074627,1.492537313
123,Ubtan Cleansing Milk with Turmeric & Saffron for Gentle Cleansing – 100ml,36,3,0,92.30769231,7.692307692,0
124,Rosehip Face Serum with Rosehip & Gotu Kola for Glowing Skin – 30 ml,66,2,0,97.05882353,2.941176471,0
125,Apple Cider Vinegar Face Mask With Apple Cider Vinegar & Rosehip Oil for Clear and Glowing Skin – 100 g,46,2,0,95.83333333,4.166666667,0
126,Skin Correct Face Serum for Acne Marks & Scars - 15 ml,126,6,0,95.45454545,4.545454545,0
127,"Milky Soft Natural Lip Balm for Babies with Oats, Milk & Calendula – 4g",57,1,2,95,1.666666667,3.333333333
128,10% Vitamin C Essence Serum with Vitamin C and Gotu Kola for Skin Illumination – 30ml,71,3,0,95.94594595,4.054054054,0
129,Retinol Face Mask with Retinol and Bakuchi for Fine Lines & Wrinkles - 100 g,51,4,0,92.72727273,7.272727273,0
130,Rice Wonder Water With Rice Water & Keratin For Detangled Hair in 7 Seconds - 100 ml,84,10,2,87.5,10.41666667,2.083333333
131,Aqua Glow Gel Face Moisturizer With Himalayan Thermal Water and Hyaluronic Acid for 72 Hours Hydration - 100ml,140,5,0,96.55172414,3.448275862,0
132,Aqua Glow Face Serum with Himalayan Thermal Water and Hyaluronic Acid - 30 ml,83,7,2,90.2173913,7.608695652,2.173913043
133,Aqua Glow Hydrating Sunscreen Gel with Himalayan Thermal Water and Hyaluronic Acid - 50 g,135,11,1,91.83673469,7.482993197,0.680272109
134,"Milky Soft Bathing Bar for Babies with Oats, Milk and Calendula - 75g x 2 ",19,0,0,100,0,0
135,Onion Shampoo for Hair Growth and Hair Fall Control with Onion and Plant Keratin - 1 Litre,76,4,0,95,5,0
136,Natural Nourishing Bathing Soaps - 5x75g,98,5,0,95.14563107,4.854368932,0
137,Charcoal Nourishing Bathing Soap With Charcoal and Mint for Deep Cleansing - 5x75g,76,5,2,91.56626506,6.024096386,2.409638554
138,Vitamin C Nourishing Bathing Soap With Vitamin C and Honey for Skin Illumination - 5x75g,46,6,0,88.46153846,11.53846154,0
139,Tea Tree Nourishing Bathing Soap With Tea Tree and Neem for Skin Purification - 5x75g,31,0,1,96.875,0,3.125
140,CoCo Nourishing Bathing Soap with Coffee and Cocoa - 5*75g,30,1,0,96.77419355,3.225806452,0
141,Ubtan Nourishing Bathing Soap With Turmeric and Saffron - 375g,86,5,0,94.50549451,5.494505495,0
142,Milky Soft Diaper Rash Cream for Babies - 50g,24,1,0,96,4,0
143,"Milky Soft Body Lotion for Babies with Oats, Milk and Calendula - 400ml",83,8,1,90.2173913,8.695652174,1.086956522
144,"Milky Soft Body Wash for Babies with Oats, Milk and Calendula - 400 ml",36,3,0,92.30769231,7.692307692,0
145,"Milky Soft Shampoo with Oats, Milk and Calendula for Babies - 400 ml",42,5,0,89.36170213,10.63829787,0
146,Charcoal Face Wash with Activated Charcoal and Coffee for Oil Control - 250ml,169,12,2,92.34972678,6.557377049,1.092896175
147,Vitamin C Day and Night Combo,25,1,0,96.15384615,3.846153846,0
148,Vitamin C Oil-Free Moisturizer For Face with Vitamin C and Gotu Kola for Skin Illumination - 80 ml,161,6,1,95.83333333,3.571428571,0.595238095
149,Tea Tree Oil-Free Face Moisturizer with Tea Tree and Salicylic Acid for Acne and Pimples - 80 ml,117,9,1,92.12598425,7.086614173,0.787401575
150,Aqua Glow Face Wash With Himalayan Thermal Water and Hyaluronic Acid for Intense Hydration - 100ml,133,8,3,92.36111111,5.555555556,2.083333333
151,Vitamin C Night Cream with Vitamin C and Gotu Kola for Skin Illumination - 50g,48,1,0,97.95918367,2.040816327,0
152,Skin Illuminate Face Serum for Radiant Skin with Vitamin C and Turmeric - 15g ,104,8,0,92.85714286,7.142857143,0
153,Apple Cider Vinegar Hair Mask with Organic Apple Cider Vinegar and Biotin for Long and Shiny Hair - 200 g,19,1,1,90.47619048,4.761904762,4.761904762
154,Rice Water Hair Mask with Rice Water and Keratin For Smoothening Hair and Damage Repair - 200 g,55,3,0,94.82758621,5.172413793,0
155,Tea Tree Spot Gel Face Cream with Tea Tree and Salicylic Acid For Acne and Pimples - 15 g ,145,10,2,92.3566879,6.369426752,1.27388535
156,Apple Cider Vinegar Conditioner with Organic Apple Cider Vinegar and Biotin for Long and Shiny Hair - 250ml,15,3,1,78.94736842,15.78947368,5.263157895
157,Apple Cider Vinegar Shampoo with Organic Apple Cider Vinegar and Biotin for Long and Shiny Hair - 250ml,40,5,0,88.88888889,11.11111111,0
158,Damage Repair Kit,72,9,1,87.80487805,10.97560976,1.219512195
159,Damage Repair Combo,31,5,0,86.11111111,13.88888889,0
160,Vitamin C Ultra Light Gel Oil-Free Moisturizer with Vitamin C and Aloe Vera Water for Glowing Hydration - 200 ml,96,3,0,96.96969697,3.03030303,0
161,Ubtan Ultra Light Gel Oil-Free Moisturizer with Turmeric and Saffron for Deep Hydration - 200 ml,173,6,0,96.64804469,3.351955307,0
162,Original Orange Body Wash For Kids with Orange and Oat Protein - 300 ml,39,1,0,97.5,2.5,0
163,Brave Blueberry Body Wash For Kids with Blueberry and Oat Protein - 300 ml,19,0,0,100,0,0
164,Agent Apple Body Wash for Kids with Apple and Oat Protein - 300 ml,19,0,0,100,0,0
165,Major Mango Body Wash For Kids with Mango and Oat Protein - 300 ml,19,0,0,100,0,0
166,Apple Cider Vinegar Foaming Face Wash with Apple Cider Vinegar and Aloe Vera Water for Deep Cleansing - 150ml,125,10,0,92.59259259,7.407407407,0
167,Ubtan Foaming Face Wash with Turmeric and Saffron for Tan Removal - 150ml,277,15,1,94.53924915,5.119453925,0.341296928
168,Body Wash Combo: Vitamin C Body Wash and Charcoal Body Wash,51,2,0,96.22641509,3.773584906,0
169,Super Strawberry Body Wash for Kids with Strawberry and Oat Protein - 300 ml,48,0,0,100,0,0
170,"Vitamin C Face Scrub for Glowing Skin, With Vitamin C and Walnut For Skin Illumination - 100 g",55,9,1,84.61538462,13.84615385,1.538461538
171,Rice Water Shampoo For Damage Repair - 250ml,164,7,4,93.71428571,4,2.285714286
172,Rice Hair Oil with Rice Bran and Coconut Oil For Damage Repair - 150ml,63,4,0,94.02985075,5.970149254,0
173,"Rice Water Conditioner with Rice Water and Keratin for Damaged, Dry and Frizzy Hair - 250 ml",74,3,0,96.1038961,3.896103896,0
174,"Tea Tree Face Mask for Acne, with Tea Tree and Salicylic Acid for Acne and Pimples - 100g",64,5,0,92.75362319,7.246376812,0
175,Tea Tree Body Wash With Tea Tree and Neem For Skin Purification - 300 ml ,78,2,0,97.5,2.5,0
176,Ubtan Body Wash With Turmeric and Saffron for Glowing Skin - 300 ml,183,9,1,94.81865285,4.663212435,0.518134715
177,CoCo Body Wash With Coffee and Cocoa For Skin Awakening - 300 ml  ,39,3,1,90.69767442,6.976744186,2.325581395
178,Charcoal Body Wash With Charcoal and Mint for Deep Cleansing - 300 ml,87,8,2,89.69072165,8.24742268,2.06185567
179,Vitamin C Body Wash with Vitamin C and Honey for Skin Illumination - 300ml,134,2,0,98.52941176,1.470588235,0
180,"Retinol Night Cream For Women with Retinol and Bakuchi for Anti Aging, Fine Lines and Wrinkles - 50 g",67,4,0,94.36619718,5.633802817,0
181,Retinol Face Wash with Retinol and Bakuchi for Fine Lines and Wrinkles - 100 ml,66,10,2,84.61538462,12.82051282,2.564102564
182,Niacin Face Toner with Niacinamide and Witch Hazel for Acne and Open Pores - 200 ml,87,1,2,96.66666667,1.111111111,2.222222222
183,Tea Tree Foaming Face Wash with Tea Tree and Salicylic Acid for Acne and Pimples - 150ml,534,33,6,93.19371728,5.759162304,1.047120419
184,Tea Tree Face Serum for Acne and Pimples - 30 ml,138,10,2,92,6.666666667,1.333333333
185,Retinol Face Serum,64,1,0,98.46153846,1.538461538,0
186,Vitamin C Skincare Regimen Kit,49,4,0,92.45283019,7.547169811,0
187,Tea Tree Hair Oil with Tea Tree and Ginger Oil for Dandruff Free Hair - 250ml,110,7,1,93.22033898,5.93220339,0.847457627
188,Argan Hair Oil with Argan Oil and Avocado Oil for Frizz-Free and Stronger Hair - 250 ml,57,3,0,95,5,0
189,Ubtan Night Face Mask with Turmeric and Niacinamide for Glowing Skin - 100 g,105,4,0,96.33027523,3.669724771,0
190,Essential Anti-Hair Fall Kit,150,13,2,90.90909091,7.878787879,1.212121212
191,"Nourishing Bathing Bar Soap For Kids - ( Pack of 5, 75g Each)",112,5,0,95.72649573,4.273504274,0
192,Hyaluronic Bamboo Sheet Mask with Rosehip Oil for Soft and Plump Skin - 25 g,27,1,1,93.10344828,3.448275862,3.448275862
193,Retinol Bamboo Sheet Mask with Retinol and Bakuchi for Fine Lines and Wrinkles - 25 g,36,5,0,87.80487805,12.19512195,0
194,Ubtan Bamboo Sheet Mask with Turmeric and Saffron for Skin Brightening - 25 g,58,3,0,95.08196721,4.918032787,0
195,Rice Water Bamboo Sheet Mask with Rice Water and Coconut Milk for Deep Hydration - 25 g ,38,1,0,97.43589744,2.564102564,0
196,Rose Water Bamboo Sheet Mask with Rose Water and Milk for Glowing Skin - 25 g,49,2,0,96.07843137,3.921568627,0
197,Vitamin C Bamboo Sheet Mask with Vitamin C and Honey for Skin Illumination - 25 g,44,0,1,97.77777778,0,2.222222222
198,Charcoal Face Wash and Scrub Combo,37,3,0,92.5,7.5,0
199,Onion Shampoo and Onion Hair Serum Combo,30,1,0,96.77419355,3.225806452,0
200,Hair Fall Reduction Combo,115,12,2,89.14728682,9.302325581,1.550387597
201,Onion Shampoo and Oil Combo,101,10,0,90.99099099,9.009009009,0
202,Onion Shampoo for Hair Growth and Hair Fall Control (250 ml) - Pack Of 2,61,2,2,93.84615385,3.076923077,3.076923077
203,Vitamin C Face Wash with Vitamin C and Turmeric for Skin Illumination - 250ml,234,15,2,93.22709163,5.976095618,0.796812749
204,Tea Tree Face Wash with Neem for Acne and Pimples - 250ml,174,17,0,91.09947644,8.90052356,0
205,Spotless Skin Combo: Ubtan Facewash - 100ml and Bye Bye Blemishes Face Cream - 30ml,55,4,0,93.22033898,6.779661017,0
206,Tea Tree Face Scrub with Tea Tree and Neem for Skin Purification - 100g,54,9,0,85.71428571,14.28571429,0
207,Plant-Based Diaper Pants for Babies – 12-17 kg (Size XL - 30 Diapers),27,1,0,96.42857143,3.571428571,0
208,Plant-Based Diaper Pants for Babies – 9-14 kg (Size L - 30 Diapers),32,1,0,96.96969697,3.03030303,0
209,Plant-Based Diaper Pants for Babies – 7-12 kg (Size M - 30 Diapers),35,0,0,100,0,0
210,Plant-Based Diaper Pants for Babies – 4-6 kg (Size S - 30 Diapers),36,1,0,97.2972973,2.702702703,0
211,Plant-Based Diaper Pants for Babies – 3-5 kg (Size NB - 40 Diapers),18,1,0,94.73684211,5.263157895,0
212,Acne Marks Reduction Kit,158,8,5,92.39766082,4.678362573,2.923976608
213,Onion Scalp Serum with Onion and Niacinamide for Healthy Hair Growth - 50ml,103,1,1,98.0952381,0.952380952,0.952380952
214,Vitamin C Body Lotion with Vitamin C and Honey for Radiant Skin - 400 ml  ,100,2,1,97.08737864,1.941747573,0.970873786
215,Ubtan Body Lotion with Turmeric and Kokum Butter for Glowing Skin - 400 ml,90,6,1,92.78350515,6.18556701,1.030927835
216,CoCo Body Lotion With Coffee and Cocoa for Intense Moisturization - 400ml ,83,3,2,94.31818182,3.409090909,2.272727273
217,Rose Body Lotion with Rose Water and Milk For Deep Hydration - 400ml,100,3,1,96.15384615,2.884615385,0.961538462
218,Mamaearth Fruit Punch Toothpaste,38,1,0,97.43589744,2.564102564,0
219,Vitamin C Foaming Face Wash with Vitamin C and Turmeric for Skin Illumination - 150ml,1117,69,7,93.62950545,5.783738474,0.586756077
220,Anti-Hair Fall Spa Kit,454,30,3,93.2238193,6.160164271,0.616016427
221,Rose Face Toner with Witch Hazel and Rose Water for Pore Tightening - 200ml,64,1,0,98.46153846,1.538461538,0
222,Ubtan Hand Cream with Turmeric and Honey for Deep Moisturization - 50g,40,2,0,95.23809524,4.761904762,0
223,CoCo Hand Cream with Coffee and Cocoa for Rich Moisturization - 50g,33,0,0,100,0,0
224,Micellar Water Foaming Makeup Remover with Rose Water and Glycolic Acid for Makeup Cleansing - 150 ml,48,2,0,96,4,0
225,Intense Hair Treatment Kit,51,3,0,94.44444444,5.555555556,0
226,Vitamin C Face Milk with Vitamin C and Peach for Skin Illumination - 100 ml,68,1,0,98.55072464,1.449275362,0
227,Tan Removal Combo,20,4,0,83.33333333,16.66666667,0
228,Argan Shampoo and Conditioner Combo,26,0,0,100,0,0
229,BhringAmla Shampoo and Conditioner Combo,20,0,2,90.90909091,0,9.090909091
230,Ubtan Body Scrub with Turmeric and Saffron for Tan Removal - 200 g,84,7,1,91.30434783,7.608695652,1.086956522
231,Neem Body Scrub with Neem and Tulsi for Skin Purification - 200 g,42,1,0,97.6744186,2.325581395,0
232,Vitamin C Day Regimen Combo,24,1,0,96,4,0
233,BhringAmla Conditioner with Bhringraj and Amla for Intense Hair Treatment - 250ml,23,0,0,100,0,0
234,BhringAmla Shampoo with Bhringraj and Amla for Intense Hair Treatment - 250 ml,127,1,2,97.69230769,0.769230769,1.538461538
235,BhringAmla Hair Oil with Bhringraj and Amla for Intense Hair Treatment - 250ml,143,7,6,91.66666667,4.487179487,3.846153846
236,Tan Removal Regimen Kit,117,8,2,92.12598425,6.299212598,1.57480315
237,BhringAmla Hair Mask with Bhringraj and Amla for Intense Hair Treatment - 200 g,61,1,1,96.82539683,1.587301587,1.587301587
238,Dusting Powder with Organic Oatmeal and Arrowroot Powder for Babies - 300g,61,0,2,96.82539683,0,3.174603175
239,HydraGel Indian Sunscreen with Aloe Vera and Raspberry for Sun Protection - 50 g,138,13,1,90.78947368,8.552631579,0.657894737
240,Vitamin C Face Wash with Vitamin C and Turmeric for Skin Illumination - 100ml,612,46,2,92.72727273,6.96969697,0.303030303
241,Vitamin C Day Cream with Vitamin C and SPF 20 for Skin Illumination - 50g,210,9,1,95.45454545,4.090909091,0.454545455
242,Vitamin C Face Mask With Vitamin C and Kaolin Clay for Skin Illumination - 100 g,168,7,1,95.45454545,3.977272727,0.568181818
243,CoCo Face Wash with Coffee and Cocoa for Skin Awakening - 100ml,132,2,0,98.50746269,1.492537313,0
244,CoCo Face Scrub with Coffee and Cocoa for Rich Exfoliation - 100g,65,1,2,95.58823529,1.470588235,2.941176471
245,CoCo Face Mask with Coffee and Cocoa for Skin Awakening - 100g,76,1,1,97.43589744,1.282051282,1.282051282
246,Vitamin C Sleeping Mask with Aloe Vera for Skin Illumination - 100 g,237,20,1,91.86046512,7.751937984,0.387596899
247,Argan Conditioner with Argan and Apple Cider Vinegar for Frizz-Free and Stronger Hair - 250ml,39,0,1,97.5,0,2.5
248,Argan Shampoo with Argan and Apple Cider Vinegar for Frizz-free and Stronger Hair - 250 ml,107,1,1,98.16513761,0.917431193,0.917431193
249,"Soothing Massage Oil for Babies with Sesame, Almond and Jojoba Oil - 200ml",85,2,1,96.59090909,2.272727273,1.136363636
250,Nourishing Hair Oil for Babies with Almond and Avocado Oil - 200 ml,64,2,0,96.96969697,3.03030303,0
251,Onion Shampoo 400ml and Onion Conditioner 250ml Combo,26,1,1,92.85714286,3.571428571,3.571428571
252,Onion Hair Serum and Onion Hair Oil Combo,30,3,0,90.90909091,9.090909091,0
253,Tea Tree Shampoo and Onion Hair Oil Combo,25,1,0,96.15384615,3.846153846,0
254,Deeply Nourishing Body Wash for Babies 400ml and Gentle Cleansing Shampoo 400ml Combo,13,0,0,100,0,0
255,Moisturizing Bathing Bar (Pack of 2) and Gentle Cleansing Shampoo 200ml Combo,17,0,1,94.44444444,0,5.555555556
256,Deeply Nourishing Body Wash for Babies 200ml and Gentle Cleansing Shampoo 200ml Combo,19,0,0,100,0,0
257,Gentle Cleansing Shampoo 200ml (Pack of 2),16,0,0,100,0,0
258,"Onion Hair Oil for Hair Regrowth and Hair Fall Control, 250ml",510,49,6,90.26548673,8.672566372,1.061946903
259,"Charcoal Face Scrub For Oily Skin and Normal skin, with Charcoal and Walnut for Deep Exfoliation - 100g",93,2,0,97.89473684,2.105263158,0
260,Ubtan Face Scrub with Turmeric and Walnut for Tan Removal - 100g,135,16,2,88.23529412,10.45751634,1.307189542
261,"Vitamin C Face Toner with Vitamin C and Cucumber for Pore Tightening, 200 ml",223,11,3,94.092827,4.641350211,1.265822785
262,Aloe Vera Gel for Skin and Hair - 300ml,386,19,5,94.14634146,4.634146341,1.219512195
263,"Onion Hair Serum with Onion and Biotin for Strong, Frizz-Free Hair - 100 ml",141,9,2,92.76315789,5.921052632,1.315789474
264,Tea Tree Face Wash and Charcoal Face Wash Combo,20,0,0,100,0,0
265, Skin Correct Face Serum with Niacinamide and Ginger Extract for Acne Marks and Scars - 30 ml,424,31,3,92.57641921,6.768558952,0.655021834
266," Ubtan Facewash for tan removal, Pack Of 2 ",163,14,0,92.09039548,7.90960452,0
267,"Tea Tree Facewash for acne and pimples, Pack Of 2 ",68,2,0,97.14285714,2.857142857,0
268,Skin Illuminate Face Serum for Radiant Skin with Vitamin C and Turmeric - 30 g,270,17,5,92.46575342,5.821917808,1.712328767
269,Bye Bye Dark Circles Eye Cream with Cucumber and Peptides for Dark Circles - 20ml,328,26,8,90.60773481,7.182320442,2.209944751
270,Onion Shampoo with Onion & Plant Keratin for Hair Fall Control - 400ml,229,21,2,90.87301587,8.333333333,0.793650794
271,"Onion Conditioner for Hair Growth and Hair Fall Control with Onion and Coconut, 400ml",27,1,0,96.42857143,3.571428571,0
272,"Skin Plump Serum For Face Glow, with Hyaluronic Acid and Rosehip Oil for Ageless Skin - 30ml",94,5,3,92.15686275,4.901960784,2.941176471
273,Tea Tree Anti-Dandruff Hair Regime Kit,45,0,0,100,0,0
274,Tea Tree Shampoo for Dandruff Free Hair - 250ml,225,11,3,94.14225941,4.60251046,1.255230126
275,Wedding Glow Skincare Kit,77,7,0,91.66666667,8.333333333,0
276,"Neem Face Mask with Neem and Tea Tree for Pimples and Zits, 100 ml",72,2,0,97.2972973,2.702702703,0
277,"Anti-Pollution Daily Face Cream, for Dry and Oily Skin, with Turmeric and Pollustop For a Bright Glowing Skin  - 80ml",125,5,1,95.41984733,3.816793893,0.763358779
278,Onion Conditioner for Hair Fall Control - 250ml,104,10,0,91.22807018,8.771929825,0
279,Onion Shampoo with Onion and Plant Keratin for Hair Fall Control - 250ml,708,59,12,90.88575096,7.57381258,1.540436457
280,"Onion Hair Oil for Hair Regrowth and Hair Fall Control with Redensyl, 150ml",1011,86,11,91.24548736,7.761732852,0.992779783
281,Mamaearth Epsom Bath Salt for Relaxation and Pain Relief - 200 g,27,1,0,96.42857143,3.571428571,0
282,"Onion Hair Mask, For Hair Fall Control, With Onion Oil and Organic Bamboo Vinegar, 200ml",176,8,2,94.62365591,4.301075269,1.075268817
283,Hair Fall Control Kit,109,6,2,93.16239316,5.128205128,1.709401709
284,Tea Tree Conditioner with Tea Tree and Ginger Oil for Dandruff Free Hair 250ml,31,0,1,96.875,0,3.125
285,Bye Bye Blemishes Face Cream for Reducing Pigmentation and Blemishes with Mulberry Extract and Vitamin C -30ml,567,40,8,92.19512195,6.504065041,1.300813008
286," Castor Oil for Healthier Skin, Hair and Nails with 100% Pure and Natural Cold-Pressed Oil, 150ml",118,10,0,92.1875,7.8125,0
287,"Hair Regrowth Combo : Onion Shampoo, 250ml and Onion Conditioner, 250ml",131,9,2,92.25352113,6.338028169,1.408450704
288,"Aloe Turmeric Gel for Skin and Hair 300ml (Saver Pack, get 20% extra)",113,6,2,93.38842975,4.958677686,1.652892562
289,Aloe Turmeric Gel for Skin and Hair 150ml,48,3,0,94.11764706,5.882352941,0
290,Tropical Garden Body Mist For Babies,11,1,0,91.66666667,8.333333333,0
291,Mineral Based Sunscreen 50ml,38,5,1,86.36363636,11.36363636,2.272727273
292,"Oil-Free Face Moisturizer for Acne-Prone Skin, 80ml",296,18,5,92.78996865,5.642633229,1.567398119
293,Sulfate Free Awesome Orange Toothpaste For Kids With Fluoride,21,2,0,91.30434783,8.695652174,0
294,"Moisturizing Bathing Bar Soap For Babies, pack of 4*75 g",84,10,0,89.36170213,10.63829787,0
295,"Ultra Light Indian Sunscreen with Carrot Seed, Turmeric and SPF 50 PA+++ - 80ml",271,24,11,88.5620915,7.843137255,3.594771242
296,"Skin Lightening and Brightening Combo : Ubtan Facemask, 100ml and Ubtan Facewash, 100ml",91,9,0,91,9,0
297,Ubtan Face Mask with Saffron and Turmeric for Skin Brightening and Tan Removal - 100g,363,32,2,91.43576826,8.060453401,0.503778338
298,"Moisturizing Bathing Bar Soap For Babies, pack of 2*75g",150,13,2,90.90909091,7.878787879,1.212121212
299,"Tea Tree Anti Dandruff Hair Mask, 200ml",79,4,3,91.86046512,4.651162791,3.488372093
300,"Plant based laundry detergent, 1000ml (Saver Pack, get 40% extra)",45,4,1,90,8,2
301,"Plant based laundry detergent, 200ml",16,0,0,100,0,0
302,"Breathe Easy Vapour Rub, 50ml",18,2,1,85.71428571,9.523809524,4.761904762
303,"Breathe Easy Vapour Roll-on, 40ml",7,0,0,100,0,0
304,Ubtan Face Wash with Turmeric & Saffron for Tan Removal – 100ml,1352,96,8,92.85714286,6.593406593,0.549450549
305,"Tea Tree Facewash for acne and pimples, 100ml",576,48,7,91.2836767,7.606973059,1.109350238
306,"Charcoal Face Wash for oil control, 100ml",324,16,0,95.29411765,4.705882353,0
307,"Natural Mosquito Repellent Patches, 24pcs",34,0,1,97.14285714,0,2.857142857
308,"Moisturizing Daily Lotion For Babies, 400ml",33,2,0,94.28571429,5.714285714,0
309,"100% Natural Berry Blast Toothpaste for Kids, 50g",63,0,0,100,0,0
310,"Deeply Nourishing Body Wash for babies, 400ml",69,2,0,97.18309859,2.816901408,0
311,"Dusting Powder for Babies, 150g",78,4,0,95.12195122,4.87804878,0
312,"After Bite Roll On, 40ml",38,2,2,90.47619048,4.761904762,4.761904762
313,"Easy Tummy Roll On, 40ml",56,5,2,88.88888889,7.936507937,3.174603175
314,"Milky Soft Face Cream With Murumuru Butter for Babies, 60 ml",278,23,1,92.05298013,7.61589404,0.331125828
315,"Nourishing Hair Oil for babies, 100ml",49,0,0,100,0,0
316,"Gentle Cleansing Shampoo, 400ml",60,0,0,100,0,0
317,Organic Bamboo Based Baby Wipes,60,0,0,100,0,0
318,"Stretch Marks Cream, 100ml",50,4,0,92.59259259,7.407407407,0
